CSVIndex,CSV_Timestamp,MatchedFrame,FrameTimestamp
0,17,1,16.666666666666668
1,33,2,33.333333333333336
2,50,3,50.0
3,67,4,66.66666666666667
4,83,5,83.33333333333333
5,100,6,100.0
6,117,7,116.66666666666667
7,133,8,133.33333333333334
8,150,9,150.0
9,167,10,166.66666666666666
10,183,11,183.33333333333331
11,200,12,200.0
12,217,13,216.66666666666669
13,233,14,233.33333333333334
14,250,15,250.0
15,267,16,266.6666666666667
16,283,17,283.3333333333333
17,300,18,300.0
18,317,19,316.66666666666663
19,333,20,333.3333333333333
20,350,21,350.0
21,367,22,366.66666666666663
22,383,23,383.33333333333337
23,400,24,400.0
24,417,25,416.6666666666667
25,433,26,433.33333333333337
26,450,27,450.0
27,467,28,466.6666666666667
28,483,29,483.3333333333333
29,500,30,500.0
30,517,31,516.6666666666667
31,533,32,533.3333333333334
32,550,33,550.0
33,567,34,566.6666666666666
34,583,35,583.3333333333334
35,600,36,600.0
36,617,37,616.6666666666667
37,633,38,633.3333333333333
38,650,39,650.0
39,667,40,666.6666666666666
40,683,41,683.3333333333334
41,700,42,700.0
42,717,43,716.6666666666666
43,733,44,733.3333333333333
44,750,45,750.0
45,767,46,766.6666666666667
46,783,47,783.3333333333334
47,800,48,800.0
48,817,49,816.6666666666666
49,833,50,833.3333333333334
50,850,51,850.0
51,867,52,866.6666666666667
52,883,53,883.3333333333333
53,900,54,900.0
54,917,55,916.6666666666666
55,933,56,933.3333333333334
56,950,57,950.0
57,967,58,966.6666666666666
58,983,59,983.3333333333333
59,1000,60,1000.0
60,1017,61,1016.6666666666666
61,1033,62,1033.3333333333335
62,1050,63,1050.0
63,1067,64,1066.6666666666667
64,1083,65,1083.3333333333333
65,1100,66,1100.0
66,1117,67,1116.6666666666667
67,1133,68,1133.3333333333333
68,1150,69,1150.0
69,1167,70,1166.6666666666667
70,1183,71,1183.3333333333333
71,1200,72,1200.0
72,1217,73,1216.6666666666665
73,1233,74,1233.3333333333335
74,1250,75,1250.0
75,1267,76,1266.6666666666665
76,1283,77,1283.3333333333335
77,1300,78,1300.0
78,1317,79,1316.6666666666667
79,1333,80,1333.3333333333333
80,1350,81,1350.0
81,1367,82,1366.6666666666667
82,1383,83,1383.3333333333333
83,1400,84,1400.0
84,1417,85,1416.6666666666667
85,1433,86,1433.3333333333333
86,1450,87,1450.0
87,1467,88,1466.6666666666665
88,1483,89,1483.3333333333335
89,1500,90,1500.0
90,1517,91,1516.6666666666665
91,1533,92,1533.3333333333335
92,1550,93,1550.0
93,1567,94,1566.6666666666667
94,1583,95,1583.3333333333333
95,1600,96,1600.0
96,1617,97,1616.6666666666667
97,1633,98,1633.3333333333333
98,1650,99,1650.0
99,1667,100,1666.6666666666667
100,1683,101,1683.3333333333333
101,1700,102,1700.0
102,1717,103,1716.6666666666665
103,1733,104,1733.3333333333335
104,1750,105,1750.0
105,1767,106,1766.6666666666665
106,1783,107,1783.3333333333335
107,1800,108,1800.0
108,1817,109,1816.6666666666667
109,1833,110,1833.3333333333333
110,1850,111,1850.0
111,1867,112,1866.6666666666667
112,1883,113,1883.3333333333333
113,1900,114,1900.0
114,1917,115,1916.6666666666667
115,1933,116,1933.3333333333333
116,1950,117,1950.0
117,1967,118,1966.6666666666665
118,1983,119,1983.3333333333335
119,2000,120,2000.0
120,2017,121,2016.6666666666665
121,2033,122,2033.3333333333333
122,2050,123,2050.0
123,2067,124,2066.666666666667
124,2083,125,2083.3333333333335
125,2100,126,2100.0
126,2117,127,2116.6666666666665
127,2133,128,2133.3333333333335
128,2150,129,2150.0
129,2167,130,2166.6666666666665
130,2183,131,2183.333333333333
131,2200,132,2200.0
132,2217,133,2216.666666666667
133,2233,134,2233.3333333333335
134,2250,135,2250.0
135,2267,136,2266.6666666666665
136,2283,137,2283.333333333333
137,2300,138,2300.0
138,2317,139,2316.666666666667
139,2333,140,2333.3333333333335
140,2350,141,2350.0
141,2367,142,2366.6666666666665
142,2383,143,2383.3333333333335
143,2400,144,2400.0
144,2417,145,2416.6666666666665
145,2433,146,2433.333333333333
146,2450,147,2450.0
147,2467,148,2466.666666666667
148,2483,149,2483.3333333333335
149,2500,150,2500.0
150,2517,151,2516.6666666666665
151,2533,152,2533.333333333333
152,2550,153,2550.0
153,2567,154,2566.666666666667
154,2583,155,2583.3333333333335
155,2600,156,2600.0
156,2617,157,2616.6666666666665
157,2633,158,2633.3333333333335
158,2650,159,2650.0
159,2667,160,2666.6666666666665
160,2683,161,2683.333333333333
161,2700,162,2700.0
162,2717,163,2716.666666666667
163,2733,164,2733.3333333333335
164,2750,165,2750.0
165,2767,166,2766.6666666666665
166,2783,167,2783.333333333333
167,2800,168,2800.0
168,2817,169,2816.666666666667
169,2833,170,2833.3333333333335
170,2850,171,2850.0
171,2867,172,2866.6666666666665
172,2883,173,2883.3333333333335
173,2900,174,2900.0
174,2917,175,2916.6666666666665
175,2933,176,2933.333333333333
176,2950,177,2950.0
177,2967,178,2966.666666666667
178,2983,179,2983.3333333333335
179,3000,180,3000.0
180,3017,181,3016.6666666666665
181,3033,182,3033.333333333333
182,3050,183,3050.0
183,3067,184,3066.666666666667
184,3083,185,3083.3333333333335
185,3100,186,3100.0
186,3117,187,3116.6666666666665
187,3133,188,3133.3333333333335
188,3150,189,3150.0
189,3167,190,3166.6666666666665
190,3183,191,3183.333333333333
191,3200,192,3200.0
192,3217,193,3216.666666666667
193,3233,194,3233.3333333333335
194,3250,195,3250.0
195,3267,196,3266.6666666666665
196,3283,197,3283.333333333333
197,3300,198,3300.0
198,3317,199,3316.666666666667
199,3333,200,3333.3333333333335
200,3350,201,3350.0
201,3367,202,3366.6666666666665
202,3383,203,3383.3333333333335
203,3400,204,3400.0
204,3417,205,3416.6666666666665
205,3433,206,3433.333333333333
206,3450,207,3450.0
207,3467,208,3466.666666666667
208,3483,209,3483.3333333333335
209,3500,210,3500.0
210,3517,211,3516.6666666666665
211,3533,212,3533.333333333333
212,3550,213,3550.0
213,3567,214,3566.666666666667
214,3583,215,3583.3333333333335
215,3600,216,3600.0
216,3617,217,3616.6666666666665
217,3633,218,3633.3333333333335
218,3650,219,3650.0
219,3667,220,3666.6666666666665
220,3683,221,3683.333333333333
221,3700,222,3700.0
222,3717,223,3716.666666666667
223,3733,224,3733.3333333333335
224,3750,225,3750.0
225,3767,226,3766.6666666666665
226,3783,227,3783.333333333333
227,3800,228,3800.0
228,3817,229,3816.666666666667
229,3833,230,3833.3333333333335
230,3850,231,3850.0
231,3867,232,3866.6666666666665
232,3883,233,3883.3333333333335
233,3900,234,3900.0
234,3917,235,3916.6666666666665
235,3933,236,3933.333333333333
236,3950,237,3950.0
237,3967,238,3966.666666666667
238,3983,239,3983.3333333333335
239,4000,240,4000.0
240,4017,241,4016.6666666666665
241,4033,242,4033.333333333333
242,4050,243,4050.0
243,4067,244,4066.6666666666665
244,4083,245,4083.333333333333
245,4100,246,4100.0
246,4117,247,4116.666666666666
247,4133,248,4133.333333333334
248,4150,249,4150.0
249,4167,250,4166.666666666667
250,4183,251,4183.333333333334
251,4200,252,4200.0
252,4217,253,4216.666666666667
253,4233,254,4233.333333333333
254,4250,255,4250.0
255,4267,256,4266.666666666667
256,4283,257,4283.333333333333
257,4300,258,4300.0
258,4317,259,4316.666666666666
259,4333,260,4333.333333333333
260,4350,261,4350.0
261,4367,262,4366.666666666666
262,4383,263,4383.333333333334
263,4400,264,4400.0
264,4417,265,4416.666666666667
265,4433,266,4433.333333333334
266,4450,267,4450.0
267,4467,268,4466.666666666667
268,4483,269,4483.333333333333
269,4500,270,4500.0
270,4517,271,4516.666666666667
271,4533,272,4533.333333333333
272,4550,273,4550.0
273,4567,274,4566.666666666666
274,4583,275,4583.333333333333
275,4600,276,4600.0
276,4617,277,4616.666666666666
277,4633,278,4633.333333333334
278,4650,279,4650.0
279,4667,280,4666.666666666667
280,4683,281,4683.333333333334
281,4700,282,4700.0
282,4717,283,4716.666666666667
283,4733,284,4733.333333333333
284,4750,285,4750.0
285,4767,286,4766.666666666667
286,4783,287,4783.333333333333
287,4800,288,4800.0
288,4817,289,4816.666666666666
289,4833,290,4833.333333333333
290,4850,291,4850.0
291,4867,292,4866.666666666666
292,4883,293,4883.333333333334
293,4900,294,4900.0
294,4917,295,4916.666666666667
295,4933,296,4933.333333333334
296,4950,297,4950.0
297,4967,298,4966.666666666667
298,4983,299,4983.333333333333
299,5000,300,5000.0
300,5017,301,5016.666666666667
301,5033,302,5033.333333333333
302,5050,303,5050.0
303,5067,304,5066.666666666666
304,5083,305,5083.333333333333
305,5100,306,5100.0
306,5117,307,5116.666666666666
307,5133,308,5133.333333333334
308,5150,309,5150.0
309,5167,310,5166.666666666667
310,5183,311,5183.333333333334
311,5200,312,5200.0
312,5217,313,5216.666666666667
313,5233,314,5233.333333333333
314,5250,315,5250.0
315,5267,316,5266.666666666667
316,5283,317,5283.333333333333
317,5300,318,5300.0
318,5317,319,5316.666666666666
319,5333,320,5333.333333333333
320,5350,321,5350.0
321,5367,322,5366.666666666666
322,5383,323,5383.333333333334
323,5400,324,5400.0
324,5417,325,5416.666666666667
325,5433,326,5433.333333333334
326,5450,327,5450.0
327,5467,328,5466.666666666667
328,5483,329,5483.333333333333
329,5500,330,5500.0
330,5517,331,5516.666666666667
331,5533,332,5533.333333333333
332,5550,333,5550.0
333,5567,334,5566.666666666666
334,5583,335,5583.333333333333
335,5600,336,5600.0
336,5617,337,5616.666666666666
337,5633,338,5633.333333333334
338,5650,339,5650.0
339,5667,340,5666.666666666667
340,5683,341,5683.333333333334
341,5700,342,5700.0
342,5717,343,5716.666666666667
343,5733,344,5733.333333333333
344,5750,345,5750.0
345,5767,346,5766.666666666667
346,5783,347,5783.333333333333
347,5800,348,5800.0
348,5817,349,5816.666666666666
349,5833,350,5833.333333333333
350,5850,351,5850.0
351,5867,352,5866.666666666666
352,5883,353,5883.333333333334
353,5900,354,5900.0
354,5917,355,5916.666666666667
355,5933,356,5933.333333333334
356,5950,357,5950.0
357,5967,358,5966.666666666667
358,5983,359,5983.333333333333
359,6000,360,6000.0
360,6017,361,6016.666666666667
361,6033,362,6033.333333333333
362,6050,363,6050.0
363,6067,364,6066.666666666666
364,6083,365,6083.333333333333
365,6100,366,6100.0
366,6117,367,6116.666666666666
367,6133,368,6133.333333333334
368,6150,369,6150.0
369,6167,370,6166.666666666667
370,6183,371,6183.333333333334
371,6200,372,6200.0
372,6217,373,6216.666666666667
373,6233,374,6233.333333333333
374,6250,375,6250.0
375,6267,376,6266.666666666667
376,6283,377,6283.333333333333
377,6300,378,6300.0
378,6317,379,6316.666666666666
379,6333,380,6333.333333333333
380,6350,381,6350.0
381,6367,382,6366.666666666666
382,6383,383,6383.333333333334
383,6400,384,6400.0
384,6417,385,6416.666666666667
385,6433,386,6433.333333333334
386,6450,387,6450.0
387,6467,388,6466.666666666667
388,6483,389,6483.333333333333
389,6500,390,6500.0
390,6517,391,6516.666666666667
391,6533,392,6533.333333333333
392,6550,393,6550.0
393,6567,394,6566.666666666666
394,6583,395,6583.333333333333
395,6600,396,6600.0
396,6617,397,6616.666666666666
397,6633,398,6633.333333333334
398,6650,399,6650.0
399,6667,400,6666.666666666667
400,6683,401,6683.333333333334
401,6700,402,6700.0
402,6717,403,6716.666666666667
403,6733,404,6733.333333333333
404,6750,405,6750.0
405,6767,406,6766.666666666667
406,6783,407,6783.333333333333
407,6800,408,6800.0
408,6817,409,6816.666666666666
409,6833,410,6833.333333333333
410,6850,411,6850.0
411,6867,412,6866.666666666666
412,6883,413,6883.333333333334
413,6900,414,6900.0
414,6917,415,6916.666666666667
415,6933,416,6933.333333333334
416,6950,417,6950.0
417,6967,418,6966.666666666667
418,6983,419,6983.333333333333
419,7000,420,7000.0
420,7017,421,7016.666666666667
421,7033,422,7033.333333333333
422,7050,423,7050.0
423,7067,424,7066.666666666666
424,7083,425,7083.333333333333
425,7100,426,7100.0
426,7117,427,7116.666666666666
427,7133,428,7133.333333333334
428,7150,429,7150.0
429,7167,430,7166.666666666667
430,7183,431,7183.333333333334
431,7200,432,7200.0
432,7217,433,7216.666666666667
433,7233,434,7233.333333333333
434,7250,435,7250.0
435,7267,436,7266.666666666667
436,7283,437,7283.333333333333
437,7300,438,7300.0
438,7317,439,7316.666666666666
439,7333,440,7333.333333333333
440,7350,441,7350.0
441,7367,442,7366.666666666666
442,7383,443,7383.333333333334
443,7400,444,7400.0
444,7417,445,7416.666666666667
445,7433,446,7433.333333333334
446,7450,447,7450.0
447,7467,448,7466.666666666667
448,7483,449,7483.333333333333
449,7500,450,7500.0
450,7517,451,7516.666666666667
451,7533,452,7533.333333333333
452,7550,453,7550.0
453,7567,454,7566.666666666666
454,7583,455,7583.333333333333
455,7600,456,7600.0
456,7617,457,7616.666666666666
457,7633,458,7633.333333333334
458,7650,459,7650.0
459,7667,460,7666.666666666667
460,7683,461,7683.333333333334
461,7700,462,7700.0
462,7717,463,7716.666666666667
463,7733,464,7733.333333333333
464,7750,465,7750.0
465,7767,466,7766.666666666667
466,7783,467,7783.333333333333
467,7800,468,7800.0
468,7817,469,7816.666666666666
469,7833,470,7833.333333333333
470,7850,471,7850.0
471,7867,472,7866.666666666666
472,7883,473,7883.333333333334
473,7900,474,7900.0
474,7917,475,7916.666666666667
475,7933,476,7933.333333333334
476,7950,477,7950.0
477,7967,478,7966.666666666667
478,7983,479,7983.333333333333
479,8000,480,8000.0
480,8017,481,8016.666666666668
481,8033,482,8033.333333333333
482,8050,483,8050.000000000001
483,8067,484,8066.666666666666
484,8083,485,8083.333333333334
485,8100,486,8100.0
486,8117,487,8116.666666666667
487,8133,488,8133.333333333333
488,8150,489,8150.0
489,8167,490,8166.666666666666
490,8183,491,8183.333333333334
491,8200,492,8200.0
492,8217,493,8216.666666666666
493,8233,494,8233.333333333332
494,8250,495,8250.0
495,8267,496,8266.666666666668
496,8283,497,8283.333333333334
497,8300,498,8300.0
498,8317,499,8316.666666666666
499,8333,500,8333.333333333334
500,8350,501,8350.0
501,8367,502,8366.666666666668
502,8383,503,8383.333333333332
503,8400,504,8400.0
504,8417,505,8416.666666666666
505,8433,506,8433.333333333334
506,8450,507,8450.0
507,8467,508,8466.666666666666
508,8483,509,8483.333333333332
509,8500,510,8500.0
510,8517,511,8516.666666666668
511,8533,512,8533.333333333334
512,8550,513,8550.0
513,8567,514,8566.666666666666
514,8583,515,8583.333333333334
515,8600,516,8600.0
516,8617,517,8616.666666666668
517,8633,518,8633.333333333332
518,8650,519,8650.0
519,8667,520,8666.666666666666
520,8683,521,8683.333333333334
521,8700,522,8700.0
522,8717,523,8716.666666666666
523,8733,524,8733.333333333332
524,8750,525,8750.0
525,8767,526,8766.666666666668
526,8783,527,8783.333333333334
527,8800,528,8800.0
528,8817,529,8816.666666666666
529,8833,530,8833.333333333334
530,8850,531,8850.0
531,8867,532,8866.666666666668
532,8883,533,8883.333333333332
533,8900,534,8900.0
534,8917,535,8916.666666666666
535,8933,536,8933.333333333334
536,8950,537,8950.0
537,8967,538,8966.666666666666
538,8983,539,8983.333333333332
539,9000,540,9000.0
540,9017,541,9016.666666666668
541,9033,542,9033.333333333334
542,9050,543,9050.0
543,9067,544,9066.666666666666
544,9083,545,9083.333333333334
545,9100,546,9100.0
546,9117,547,9116.666666666668
547,9133,548,9133.333333333332
548,9150,549,9150.0
549,9167,550,9166.666666666666
550,9183,551,9183.333333333334
551,9200,552,9200.0
552,9217,553,9216.666666666666
553,9233,554,9233.333333333332
554,9250,555,9250.0
555,9267,556,9266.666666666668
556,9283,557,9283.333333333334
557,9300,558,9300.0
558,9317,559,9316.666666666666
559,9333,560,9333.333333333334
560,9350,561,9350.0
561,9367,562,9366.666666666668
562,9383,563,9383.333333333332
563,9400,564,9400.0
564,9417,565,9416.666666666666
565,9433,566,9433.333333333334
566,9450,567,9450.0
567,9467,568,9466.666666666666
568,9483,569,9483.333333333332
569,9500,570,9500.0
570,9517,571,9516.666666666668
571,9533,572,9533.333333333334
572,9550,573,9550.0
573,9567,574,9566.666666666666
574,9583,575,9583.333333333334
575,9600,576,9600.0
576,9617,577,9616.666666666668
577,9633,578,9633.333333333332
578,9650,579,9650.0
579,9667,580,9666.666666666666
580,9683,581,9683.333333333334
581,9700,582,9700.0
582,9717,583,9716.666666666666
583,9733,584,9733.333333333332
584,9750,585,9750.0
585,9767,586,9766.666666666668
586,9783,587,9783.333333333334
587,9800,588,9800.0
588,9817,589,9816.666666666666
589,9833,590,9833.333333333334
590,9850,591,9850.0
591,9867,592,9866.666666666668
592,9883,593,9883.333333333332
593,9900,594,9900.0
594,9917,595,9916.666666666666
595,9933,596,9933.333333333334
596,9950,597,9950.0
597,9967,598,9966.666666666666
598,9983,599,9983.333333333332
599,10000,600,10000.0
600,10017,601,10016.666666666668
601,10033,602,10033.333333333334
602,10050,603,10050.0
603,10067,604,10066.666666666666
604,10083,605,10083.333333333334
605,10100,606,10100.0
606,10117,607,10116.666666666668
607,10133,608,10133.333333333332
608,10150,609,10150.0
609,10167,610,10166.666666666666
610,10183,611,10183.333333333334
611,10200,612,10200.0
612,10217,613,10216.666666666666
613,10233,614,10233.333333333332
614,10250,615,10250.0
615,10267,616,10266.666666666668
616,10283,617,10283.333333333334
617,10300,618,10300.0
618,10317,619,10316.666666666666
619,10333,620,10333.333333333334
620,10350,621,10350.0
621,10367,622,10366.666666666668
622,10383,623,10383.333333333332
623,10400,624,10400.0
624,10417,625,10416.666666666666
625,10433,626,10433.333333333334
626,10450,627,10450.0
627,10467,628,10466.666666666666
628,10483,629,10483.333333333332
629,10500,630,10500.0
630,10517,631,10516.666666666668
631,10533,632,10533.333333333334
632,10550,633,10550.0
633,10567,634,10566.666666666666
634,10583,635,10583.333333333334
635,10600,636,10600.0
636,10617,637,10616.666666666668
637,10633,638,10633.333333333332
638,10650,639,10650.0
639,10667,640,10666.666666666666
640,10683,641,10683.333333333334
641,10700,642,10700.0
642,10717,643,10716.666666666666
643,10733,644,10733.333333333332
644,10750,645,10750.0
645,10767,646,10766.666666666668
646,10783,647,10783.333333333334
647,10800,648,10800.0
648,10817,649,10816.666666666666
649,10833,650,10833.333333333334
650,10850,651,10850.0
651,10867,652,10866.666666666668
652,10883,653,10883.333333333332
653,10900,654,10900.0
654,10917,655,10916.666666666666
655,10933,656,10933.333333333334
656,10950,657,10950.0
657,10967,658,10966.666666666666
658,10983,659,10983.333333333332
659,11000,660,11000.0
660,11017,661,11016.666666666668
661,11033,662,11033.333333333334
662,11050,663,11050.0
663,11067,664,11066.666666666666
664,11083,665,11083.333333333334
665,11100,666,11100.0
666,11117,667,11116.666666666668
667,11133,668,11133.333333333332
668,11150,669,11150.0
669,11167,670,11166.666666666666
670,11183,671,11183.333333333334
671,11200,672,11200.0
672,11217,673,11216.666666666666
673,11233,674,11233.333333333332
674,11250,675,11250.0
675,11267,676,11266.666666666668
676,11283,677,11283.333333333334
677,11300,678,11300.0
678,11317,679,11316.666666666666
679,11333,680,11333.333333333334
680,11350,681,11350.0
681,11367,682,11366.666666666668
682,11383,683,11383.333333333332
683,11400,684,11400.0
684,11417,685,11416.666666666666
685,11433,686,11433.333333333334
686,11450,687,11450.0
687,11467,688,11466.666666666666
688,11483,689,11483.333333333332
689,11500,690,11500.0
690,11517,691,11516.666666666668
691,11533,692,11533.333333333334
692,11550,693,11550.0
693,11567,694,11566.666666666666
694,11583,695,11583.333333333334
695,11600,696,11600.0
696,11617,697,11616.666666666668
697,11633,698,11633.333333333332
698,11650,699,11650.0
699,11667,700,11666.666666666666
700,11683,701,11683.333333333334
701,11700,702,11700.0
702,11717,703,11716.666666666666
703,11733,704,11733.333333333332
704,11750,705,11750.0
705,11767,706,11766.666666666668
706,11783,707,11783.333333333334
707,11800,708,11800.0
708,11817,709,11816.666666666666
709,11833,710,11833.333333333334
710,11850,711,11850.0
711,11867,712,11866.666666666668
712,11883,713,11883.333333333332
713,11900,714,11900.0
714,11917,715,11916.666666666666
715,11933,716,11933.333333333334
716,11950,717,11950.0
717,11967,718,11966.666666666666
718,11983,719,11983.333333333332
719,12000,720,12000.0
720,12017,721,12016.666666666668
721,12033,722,12033.333333333334
722,12050,723,12050.0
723,12067,724,12066.666666666666
724,12083,725,12083.333333333334
725,12100,726,12100.0
726,12117,727,12116.666666666668
727,12133,728,12133.333333333332
728,12150,729,12150.0
729,12167,730,12166.666666666666
730,12183,731,12183.333333333334
731,12200,732,12200.0
732,12217,733,12216.666666666666
733,12233,734,12233.333333333332
734,12250,735,12250.0
735,12267,736,12266.666666666668
736,12283,737,12283.333333333334
737,12300,738,12300.0
738,12317,739,12316.666666666666
739,12333,740,12333.333333333334
740,12350,741,12350.0
741,12367,742,12366.666666666668
742,12383,743,12383.333333333332
743,12400,744,12400.0
744,12417,745,12416.666666666666
745,12433,746,12433.333333333334
746,12450,747,12450.0
747,12467,748,12466.666666666666
748,12483,749,12483.333333333332
749,12500,750,12500.0
750,12517,751,12516.666666666668
751,12533,752,12533.333333333334
752,12550,753,12550.0
753,12567,754,12566.666666666666
754,12583,755,12583.333333333334
755,12600,756,12600.0
756,12617,757,12616.666666666668
757,12633,758,12633.333333333332
758,12650,759,12650.0
759,12667,760,12666.666666666666
760,12683,761,12683.333333333334
761,12700,762,12700.0
762,12717,763,12716.666666666666
763,12733,764,12733.333333333332
764,12750,765,12750.0
765,12767,766,12766.666666666668
766,12783,767,12783.333333333334
767,12800,768,12800.0
768,12817,769,12816.666666666666
769,12833,770,12833.333333333334
770,12850,771,12850.0
771,12867,772,12866.666666666668
772,12883,773,12883.333333333332
773,12900,774,12900.0
774,12917,775,12916.666666666666
775,12933,776,12933.333333333334
776,12950,777,12950.0
777,12967,778,12966.666666666666
778,12983,779,12983.333333333332
779,13000,780,13000.0
780,13017,781,13016.666666666668
781,13033,782,13033.333333333334
782,13050,783,13050.0
783,13067,784,13066.666666666666
784,13083,785,13083.333333333334
785,13100,786,13100.0
786,13117,787,13116.666666666668
787,13133,788,13133.333333333332
788,13150,789,13150.0
789,13167,790,13166.666666666666
790,13183,791,13183.333333333334
791,13200,792,13200.0
792,13217,793,13216.666666666666
793,13233,794,13233.333333333332
794,13250,795,13250.0
795,13267,796,13266.666666666668
796,13283,797,13283.333333333334
797,13300,798,13300.0
798,13317,799,13316.666666666666
799,13333,800,13333.333333333334
800,13350,801,13350.0
801,13367,802,13366.666666666668
802,13383,803,13383.333333333332
803,13400,804,13400.0
804,13417,805,13416.666666666666
805,13433,806,13433.333333333334
806,13450,807,13450.0
807,13467,808,13466.666666666666
808,13483,809,13483.333333333332
809,13500,810,13500.0
810,13517,811,13516.666666666668
811,13533,812,13533.333333333334
812,13550,813,13550.0
813,13567,814,13566.666666666666
814,13583,815,13583.333333333334
815,13600,816,13600.0
816,13617,817,13616.666666666668
817,13633,818,13633.333333333332
818,13650,819,13650.0
819,13667,820,13666.666666666666
820,13683,821,13683.333333333334
821,13700,822,13700.0
822,13717,823,13716.666666666666
823,13733,824,13733.333333333332
824,13750,825,13750.0
825,13767,826,13766.666666666668
826,13783,827,13783.333333333334
827,13800,828,13800.0
828,13817,829,13816.666666666666
829,13833,830,13833.333333333334
830,13850,831,13850.0
831,13867,832,13866.666666666668
832,13883,833,13883.333333333332
833,13900,834,13900.0
834,13917,835,13916.666666666666
835,13933,836,13933.333333333334
836,13950,837,13950.0
837,13967,838,13966.666666666666
838,13983,839,13983.333333333332
839,14000,840,14000.0
840,14017,841,14016.666666666668
841,14033,842,14033.333333333334
842,14050,843,14050.0
843,14067,844,14066.666666666666
844,14083,845,14083.333333333334
845,14100,846,14100.0
846,14117,847,14116.666666666668
847,14133,848,14133.333333333332
848,14150,849,14150.0
849,14167,850,14166.666666666666
850,14183,851,14183.333333333334
851,14200,852,14200.0
852,14217,853,14216.666666666666
853,14233,854,14233.333333333332
854,14250,855,14250.0
855,14267,856,14266.666666666668
856,14283,857,14283.333333333334
857,14300,858,14300.0
858,14317,859,14316.666666666666
859,14333,860,14333.333333333334
860,14350,861,14350.0
861,14367,862,14366.666666666668
862,14383,863,14383.333333333332
863,14400,864,14400.0
864,14417,865,14416.666666666666
865,14433,866,14433.333333333334
866,14450,867,14450.0
867,14467,868,14466.666666666666
868,14483,869,14483.333333333332
869,14500,870,14500.0
870,14517,871,14516.666666666668
871,14533,872,14533.333333333334
872,14550,873,14550.0
873,14567,874,14566.666666666666
874,14583,875,14583.333333333334
875,14600,876,14600.0
876,14617,877,14616.666666666668
877,14633,878,14633.333333333332
878,14650,879,14650.0
879,14667,880,14666.666666666666
880,14683,881,14683.333333333334
881,14700,882,14700.0
882,14717,883,14716.666666666666
883,14733,884,14733.333333333332
884,14750,885,14750.0
885,14767,886,14766.666666666668
886,14783,887,14783.333333333334
887,14800,888,14800.0
888,14817,889,14816.666666666666
889,14833,890,14833.333333333334
890,14850,891,14850.0
891,14867,892,14866.666666666668
892,14883,893,14883.333333333332
893,14900,894,14900.0
894,14917,895,14916.666666666666
895,14933,896,14933.333333333334
896,14950,897,14950.0
897,14967,898,14966.666666666666
898,14983,899,14983.333333333332
899,15000,900,15000.0
900,15017,901,15016.666666666668
901,15033,902,15033.333333333334
902,15050,903,15050.0
903,15067,904,15066.666666666666
904,15083,905,15083.333333333334
905,15100,906,15100.0
906,15117,907,15116.666666666668
907,15133,908,15133.333333333332
908,15150,909,15150.0
909,15167,910,15166.666666666666
910,15183,911,15183.333333333334
911,15200,912,15200.0
912,15217,913,15216.666666666666
913,15233,914,15233.333333333332
914,15250,915,15250.0
915,15267,916,15266.666666666668
916,15283,917,15283.333333333334
917,15300,918,15300.0
918,15317,919,15316.666666666666
919,15333,920,15333.333333333334
920,15350,921,15350.0
921,15367,922,15366.666666666668
922,15383,923,15383.333333333332
923,15400,924,15400.0
924,15417,925,15416.666666666666
925,15433,926,15433.333333333334
926,15450,927,15450.0
927,15467,928,15466.666666666666
928,15483,929,15483.333333333332
929,15500,930,15500.0
930,15517,931,15516.666666666668
931,15533,932,15533.333333333334
932,15550,933,15550.0
933,15567,934,15566.666666666666
934,15583,935,15583.333333333334
935,15600,936,15600.0
936,15617,937,15616.666666666668
937,15633,938,15633.333333333332
938,15650,939,15650.0
939,15667,940,15666.666666666666
940,15683,941,15683.333333333334
941,15700,942,15700.0
942,15717,943,15716.666666666666
943,15733,944,15733.333333333332
944,15750,945,15750.0
945,15767,946,15766.666666666668
946,15783,947,15783.333333333334
947,15800,948,15800.0
948,15817,949,15816.666666666666
949,15833,950,15833.333333333334
950,15850,951,15850.0
951,15867,952,15866.666666666668
952,15883,953,15883.333333333332
953,15900,954,15900.0
954,15917,955,15916.666666666666
955,15933,956,15933.333333333334
956,15950,957,15950.0
957,15967,958,15966.666666666666
958,15983,959,15983.333333333332
959,16000,960,16000.0
960,16017,961,16016.666666666666
961,16033,962,16033.333333333336
962,16050,963,16050.0
963,16067,964,16066.666666666666
964,16083,965,16083.333333333332
965,16100,966,16100.000000000002
966,16117,967,16116.666666666668
967,16133,968,16133.333333333332
968,16150,969,16149.999999999998
969,16167,970,16166.666666666668
970,16183,971,16183.333333333334
971,16200,972,16200.0
972,16217,973,16216.666666666664
973,16233,974,16233.333333333334
974,16250,975,16250.0
975,16267,976,16266.666666666666
976,16283,977,16283.333333333336
977,16300,978,16300.0
978,16317,979,16316.666666666666
979,16333,980,16333.333333333332
980,16350,981,16350.000000000002
981,16367,982,16366.666666666668
982,16383,983,16383.333333333332
983,16400,984,16400.0
984,16417,985,16416.666666666668
985,16433,986,16433.333333333332
986,16450,987,16450.0
987,16467,988,16466.666666666664
988,16483,989,16483.333333333336
989,16500,990,16500.0
990,16517,991,16516.666666666664
991,16533,992,16533.333333333336
992,16550,993,16550.0
993,16567,994,16566.666666666668
994,16583,995,16583.333333333332
995,16600,996,16600.0
996,16617,997,16616.666666666668
997,16633,998,16633.333333333332
998,16650,999,16650.0
999,16667,1000,16666.666666666668
1000,16683,1001,16683.333333333332
1001,16700,1002,16700.0
1002,16717,1003,16716.666666666664
1003,16733,1004,16733.333333333336
1004,16750,1005,16750.0
1005,16767,1006,16766.666666666664
1006,16783,1007,16783.333333333336
1007,16800,1008,16800.0
1008,16817,1009,16816.666666666668
1009,16833,1010,16833.333333333332
1010,16850,1011,16850.0
1011,16867,1012,16866.666666666668
1012,16883,1013,16883.333333333332
1013,16900,1014,16900.0
1014,16917,1015,16916.666666666668
1015,16933,1016,16933.333333333332
1016,16950,1017,16950.0
1017,16967,1018,16966.666666666664
1018,16983,1019,16983.333333333336
1019,17000,1020,17000.0
1020,17017,1021,17016.666666666664
1021,17033,1022,17033.333333333336
1022,17050,1023,17050.0
1023,17067,1024,17066.666666666668
1024,17083,1025,17083.333333333332
1025,17100,1026,17100.0
1026,17117,1027,17116.666666666668
1027,17133,1028,17133.333333333332
1028,17150,1029,17150.0
1029,17167,1030,17166.666666666668
1030,17183,1031,17183.333333333332
1031,17200,1032,17200.0
1032,17217,1033,17216.666666666664
1033,17233,1034,17233.333333333336
1034,17250,1035,17250.0
1035,17267,1036,17266.666666666664
1036,17283,1037,17283.333333333336
1037,17300,1038,17300.0
1038,17317,1039,17316.666666666668
1039,17333,1040,17333.333333333332
1040,17350,1041,17350.0
1041,17367,1042,17366.666666666668
1042,17383,1043,17383.333333333332
1043,17400,1044,17400.0
1044,17417,1045,17416.666666666668
1045,17433,1046,17433.333333333332
1046,17450,1047,17450.0
1047,17467,1048,17466.666666666664
1048,17483,1049,17483.333333333336
1049,17500,1050,17500.0
1050,17517,1051,17516.666666666664
1051,17533,1052,17533.333333333336
1052,17550,1053,17550.0
1053,17567,1054,17566.666666666668
1054,17583,1055,17583.333333333332
1055,17600,1056,17600.0
1056,17617,1057,17616.666666666668
1057,17633,1058,17633.333333333332
1058,17650,1059,17650.0
1059,17667,1060,17666.666666666668
1060,17683,1061,17683.333333333332
1061,17700,1062,17700.0
1062,17717,1063,17716.666666666664
1063,17733,1064,17733.333333333336
1064,17750,1065,17750.0
1065,17767,1066,17766.666666666664
1066,17783,1067,17783.333333333336
1067,17800,1068,17800.0
1068,17817,1069,17816.666666666668
1069,17833,1070,17833.333333333332
1070,17850,1071,17850.0
1071,17867,1072,17866.666666666668
1072,17883,1073,17883.333333333332
1073,17900,1074,17900.0
1074,17917,1075,17916.666666666668
1075,17933,1076,17933.333333333332
1076,17950,1077,17950.0
1077,17967,1078,17966.666666666664
1078,17983,1079,17983.333333333336
1079,18000,1080,18000.0
1080,18017,1081,18016.666666666664
1081,18033,1082,18033.333333333336
1082,18050,1083,18050.0
1083,18067,1084,18066.666666666668
1084,18083,1085,18083.333333333332
1085,18100,1086,18100.0
1086,18117,1087,18116.666666666668
1087,18133,1088,18133.333333333332
1088,18150,1089,18150.0
1089,18167,1090,18166.666666666668
1090,18183,1091,18183.333333333332
1091,18200,1092,18200.0
1092,18217,1093,18216.666666666664
1093,18233,1094,18233.333333333336
1094,18250,1095,18250.0
1095,18267,1096,18266.666666666664
1096,18283,1097,18283.333333333336
1097,18300,1098,18300.0
1098,18317,1099,18316.666666666668
1099,18333,1100,18333.333333333332
1100,18350,1101,18350.0
1101,18367,1102,18366.666666666668
1102,18383,1103,18383.333333333332
1103,18400,1104,18400.0
1104,18417,1105,18416.666666666668
1105,18433,1106,18433.333333333332
1106,18450,1107,18450.0
1107,18467,1108,18466.666666666664
1108,18483,1109,18483.333333333336
1109,18500,1110,18500.0
1110,18517,1111,18516.666666666664
1111,18533,1112,18533.333333333336
1112,18550,1113,18550.0
1113,18567,1114,18566.666666666668
1114,18583,1115,18583.333333333332
1115,18600,1116,18600.0
1116,18617,1117,18616.666666666668
1117,18633,1118,18633.333333333332
1118,18650,1119,18650.0
1119,18667,1120,18666.666666666668
1120,18683,1121,18683.333333333332
1121,18700,1122,18700.0
1122,18717,1123,18716.666666666664
1123,18733,1124,18733.333333333336
1124,18750,1125,18750.0
1125,18767,1126,18766.666666666664
1126,18783,1127,18783.333333333336
1127,18800,1128,18800.0
1128,18817,1129,18816.666666666668
1129,18833,1130,18833.333333333332
1130,18850,1131,18850.0
1131,18867,1132,18866.666666666668
1132,18883,1133,18883.333333333332
1133,18900,1134,18900.0
1134,18917,1135,18916.666666666668
1135,18933,1136,18933.333333333332
1136,18950,1137,18950.0
1137,18967,1138,18966.666666666664
1138,18983,1139,18983.333333333336
1139,19000,1140,19000.0
1140,19017,1141,19016.666666666664
1141,19033,1142,19033.333333333336
1142,19050,1143,19050.0
1143,19067,1144,19066.666666666668
1144,19083,1145,19083.333333333332
1145,19100,1146,19100.0
1146,19117,1147,19116.666666666668
1147,19133,1148,19133.333333333332
1148,19150,1149,19150.0
1149,19167,1150,19166.666666666668
1150,19183,1151,19183.333333333332
1151,19200,1152,19200.0
1152,19217,1153,19216.666666666664
1153,19233,1154,19233.333333333336
1154,19250,1155,19250.0
1155,19267,1156,19266.666666666664
1156,19283,1157,19283.333333333336
1157,19300,1158,19300.0
1158,19317,1159,19316.666666666668
1159,19333,1160,19333.333333333332
1160,19350,1161,19350.0
1161,19367,1162,19366.666666666668
1162,19383,1163,19383.333333333332
1163,19400,1164,19400.0
1164,19417,1165,19416.666666666668
1165,19433,1166,19433.333333333332
1166,19450,1167,19450.0
1167,19467,1168,19466.666666666664
1168,19483,1169,19483.333333333336
1169,19500,1170,19500.0
1170,19517,1171,19516.666666666664
1171,19533,1172,19533.333333333336
1172,19550,1173,19550.0
1173,19567,1174,19566.666666666668
1174,19583,1175,19583.333333333332
1175,19600,1176,19600.0
1176,19617,1177,19616.666666666668
1177,19633,1178,19633.333333333332
1178,19650,1179,19650.0
1179,19667,1180,19666.666666666668
1180,19683,1181,19683.333333333332
1181,19700,1182,19700.0
1182,19717,1183,19716.666666666664
1183,19733,1184,19733.333333333336
1184,19750,1185,19750.0
1185,19767,1186,19766.666666666664
1186,19783,1187,19783.333333333336
1187,19800,1188,19800.0
1188,19817,1189,19816.666666666668
1189,19833,1190,19833.333333333332
1190,19850,1191,19850.0
1191,19867,1192,19866.666666666668
1192,19883,1193,19883.333333333332
1193,19900,1194,19900.0
1194,19917,1195,19916.666666666668
1195,19933,1196,19933.333333333332
1196,19950,1197,19950.0
1197,19967,1198,19966.666666666664
1198,19983,1199,19983.333333333336
1199,20000,1200,20000.0
1200,20017,1201,20016.666666666664
1201,20033,1202,20033.333333333336
1202,20050,1203,20050.0
1203,20067,1204,20066.666666666668
1204,20083,1205,20083.333333333332
1205,20100,1206,20100.0
1206,20117,1207,20116.666666666668
1207,20133,1208,20133.333333333332
1208,20150,1209,20150.0
1209,20167,1210,20166.666666666668
1210,20183,1211,20183.333333333332
1211,20200,1212,20200.0
1212,20217,1213,20216.666666666664
1213,20233,1214,20233.333333333336
1214,20250,1215,20250.0
1215,20267,1216,20266.666666666664
1216,20283,1217,20283.333333333336
1217,20300,1218,20300.0
1218,20317,1219,20316.666666666668
1219,20333,1220,20333.333333333332
1220,20350,1221,20350.0
1221,20367,1222,20366.666666666668
1222,20383,1223,20383.333333333332
1223,20400,1224,20400.0
1224,20417,1225,20416.666666666668
1225,20433,1226,20433.333333333332
1226,20450,1227,20450.0
1227,20467,1228,20466.666666666664
1228,20483,1229,20483.333333333336
1229,20500,1230,20500.0
1230,20517,1231,20516.666666666664
1231,20533,1232,20533.333333333336
1232,20550,1233,20550.0
1233,20567,1234,20566.666666666668
1234,20583,1235,20583.333333333332
1235,20600,1236,20600.0
1236,20617,1237,20616.666666666668
1237,20633,1238,20633.333333333332
1238,20650,1239,20650.0
1239,20667,1240,20666.666666666668
1240,20683,1241,20683.333333333332
1241,20700,1242,20700.0
1242,20717,1243,20716.666666666664
1243,20733,1244,20733.333333333336
1244,20750,1245,20750.0
1245,20767,1246,20766.666666666664
1246,20783,1247,20783.333333333336
1247,20800,1248,20800.0
1248,20817,1249,20816.666666666668
1249,20833,1250,20833.333333333332
1250,20850,1251,20850.0
1251,20867,1252,20866.666666666668
1252,20883,1253,20883.333333333332
1253,20900,1254,20900.0
1254,20917,1255,20916.666666666668
1255,20933,1256,20933.333333333332
1256,20950,1257,20950.0
1257,20967,1258,20966.666666666664
1258,20983,1259,20983.333333333336
1259,21000,1260,21000.0
1260,21017,1261,21016.666666666664
1261,21033,1262,21033.333333333336
1262,21050,1263,21050.0
1263,21067,1264,21066.666666666668
1264,21083,1265,21083.333333333332
1265,21100,1266,21100.0
1266,21117,1267,21116.666666666668
1267,21133,1268,21133.333333333332
1268,21150,1269,21150.0
1269,21167,1270,21166.666666666668
1270,21183,1271,21183.333333333332
1271,21200,1272,21200.0
1272,21217,1273,21216.666666666664
1273,21233,1274,21233.333333333336
1274,21250,1275,21250.0
1275,21267,1276,21266.666666666664
1276,21283,1277,21283.333333333336
1277,21300,1278,21300.0
1278,21317,1279,21316.666666666668
1279,21333,1280,21333.333333333332
1280,21350,1281,21350.0
1281,21367,1282,21366.666666666668
1282,21383,1283,21383.333333333332
1283,21400,1284,21400.0
1284,21417,1285,21416.666666666668
1285,21433,1286,21433.333333333332
1286,21450,1287,21450.0
1287,21467,1288,21466.666666666664
1288,21483,1289,21483.333333333336
1289,21500,1290,21500.0
1290,21517,1291,21516.666666666664
1291,21533,1292,21533.333333333336
1292,21550,1293,21550.0
1293,21567,1294,21566.666666666668
1294,21583,1295,21583.333333333332
1295,21600,1296,21600.0
1296,21617,1297,21616.666666666668
1297,21633,1298,21633.333333333332
1298,21650,1299,21650.0
1299,21667,1300,21666.666666666668
1300,21683,1301,21683.333333333332
1301,21700,1302,21700.0
1302,21717,1303,21716.666666666664
1303,21733,1304,21733.333333333336
1304,21750,1305,21750.0
1305,21767,1306,21766.666666666664
1306,21783,1307,21783.333333333336
1307,21800,1308,21800.0
1308,21817,1309,21816.666666666668
1309,21833,1310,21833.333333333332
1310,21850,1311,21850.0
1311,21867,1312,21866.666666666668
1312,21883,1313,21883.333333333332
1313,21900,1314,21900.0
1314,21917,1315,21916.666666666668
1315,21933,1316,21933.333333333332
1316,21950,1317,21950.0
1317,21967,1318,21966.666666666664
1318,21983,1319,21983.333333333336
1319,22000,1320,22000.0
1320,22017,1321,22016.666666666664
1321,22033,1322,22033.333333333336
1322,22050,1323,22050.0
1323,22067,1324,22066.666666666668
1324,22083,1325,22083.333333333332
1325,22100,1326,22100.0
1326,22117,1327,22116.666666666668
1327,22133,1328,22133.333333333332
1328,22150,1329,22150.0
1329,22167,1330,22166.666666666668
1330,22183,1331,22183.333333333332
1331,22200,1332,22200.0
1332,22217,1333,22216.666666666664
1333,22233,1334,22233.333333333336
1334,22250,1335,22250.0
1335,22267,1336,22266.666666666664
1336,22283,1337,22283.333333333336
1337,22300,1338,22300.0
1338,22317,1339,22316.666666666668
1339,22333,1340,22333.333333333332
1340,22350,1341,22350.0
1341,22367,1342,22366.666666666668
1342,22383,1343,22383.333333333332
1343,22400,1344,22400.0
1344,22417,1345,22416.666666666668
1345,22433,1346,22433.333333333332
1346,22450,1347,22450.0
1347,22467,1348,22466.666666666664
1348,22483,1349,22483.333333333336
1349,22500,1350,22500.0
1350,22517,1351,22516.666666666664
1351,22533,1352,22533.333333333336
1352,22550,1353,22550.0
1353,22567,1354,22566.666666666668
1354,22583,1355,22583.333333333332
1355,22600,1356,22600.0
1356,22617,1357,22616.666666666668
1357,22633,1358,22633.333333333332
1358,22650,1359,22650.0
1359,22667,1360,22666.666666666668
1360,22683,1361,22683.333333333332
1361,22700,1362,22700.0
1362,22717,1363,22716.666666666664
1363,22733,1364,22733.333333333336
1364,22750,1365,22750.0
1365,22767,1366,22766.666666666664
1366,22783,1367,22783.333333333336
1367,22800,1368,22800.0
1368,22817,1369,22816.666666666668
1369,22833,1370,22833.333333333332
1370,22850,1371,22850.0
1371,22867,1372,22866.666666666668
1372,22883,1373,22883.333333333332
1373,22900,1374,22900.0
1374,22917,1375,22916.666666666668
1375,22933,1376,22933.333333333332
1376,22950,1377,22950.0
1377,22967,1378,22966.666666666664
1378,22983,1379,22983.333333333336
1379,23000,1380,23000.0
1380,23017,1381,23016.666666666664
1381,23033,1382,23033.333333333336
1382,23050,1383,23050.0
1383,23067,1384,23066.666666666668
1384,23083,1385,23083.333333333332
1385,23100,1386,23100.0
1386,23117,1387,23116.666666666668
1387,23133,1388,23133.333333333332
1388,23150,1389,23150.0
1389,23167,1390,23166.666666666668
1390,23183,1391,23183.333333333332
1391,23200,1392,23200.0
1392,23217,1393,23216.666666666664
1393,23233,1394,23233.333333333336
1394,23250,1395,23250.0
1395,23267,1396,23266.666666666664
1396,23283,1397,23283.333333333336
1397,23300,1398,23300.0
1398,23317,1399,23316.666666666668
1399,23333,1400,23333.333333333332
1400,23350,1401,23350.0
1401,23367,1402,23366.666666666668
1402,23383,1403,23383.333333333332
1403,23400,1404,23400.0
1404,23417,1405,23416.666666666668
1405,23433,1406,23433.333333333332
1406,23450,1407,23450.0
1407,23467,1408,23466.666666666664
1408,23483,1409,23483.333333333336
1409,23500,1410,23500.0
1410,23517,1411,23516.666666666664
1411,23533,1412,23533.333333333336
1412,23550,1413,23550.0
1413,23567,1414,23566.666666666668
1414,23583,1415,23583.333333333332
1415,23600,1416,23600.0
1416,23617,1417,23616.666666666668
1417,23633,1418,23633.333333333332
1418,23650,1419,23650.0
1419,23667,1420,23666.666666666668
1420,23683,1421,23683.333333333332
1421,23700,1422,23700.0
1422,23717,1423,23716.666666666664
1423,23733,1424,23733.333333333336
1424,23750,1425,23750.0
1425,23767,1426,23766.666666666664
1426,23783,1427,23783.333333333336
1427,23800,1428,23800.0
1428,23817,1429,23816.666666666668
1429,23833,1430,23833.333333333332
1430,23850,1431,23850.0
1431,23867,1432,23866.666666666668
1432,23883,1433,23883.333333333332
1433,23900,1434,23900.0
1434,23917,1435,23916.666666666668
1435,23933,1436,23933.333333333332
1436,23950,1437,23950.0
1437,23967,1438,23966.666666666664
1438,23983,1439,23983.333333333336
1439,24000,1440,24000.0
1440,24017,1441,24016.666666666664
1441,24033,1442,24033.333333333336
1442,24050,1443,24050.0
1443,24067,1444,24066.666666666668
1444,24083,1445,24083.333333333332
1445,24100,1446,24100.0
1446,24117,1447,24116.666666666668
1447,24133,1448,24133.333333333332
1448,24150,1449,24150.0
1449,24167,1450,24166.666666666668
1450,24183,1451,24183.333333333332
1451,24200,1452,24200.0
1452,24217,1453,24216.666666666664
1453,24233,1454,24233.333333333336
1454,24250,1455,24250.0
1455,24267,1456,24266.666666666664
1456,24283,1457,24283.333333333336
1457,24300,1458,24300.0
1458,24317,1459,24316.666666666668
1459,24333,1460,24333.333333333332
1460,24350,1461,24350.0
1461,24367,1462,24366.666666666668
1462,24383,1463,24383.333333333332
1463,24400,1464,24400.0
1464,24417,1465,24416.666666666668
1465,24433,1466,24433.333333333332
1466,24450,1467,24450.0
1467,24467,1468,24466.666666666664
1468,24483,1469,24483.333333333336
1469,24500,1470,24500.0
1470,24517,1471,24516.666666666664
1471,24533,1472,24533.333333333336
1472,24550,1473,24550.0
1473,24567,1474,24566.666666666668
1474,24583,1475,24583.333333333332
1475,24600,1476,24600.0
1476,24617,1477,24616.666666666668
1477,24633,1478,24633.333333333332
1478,24650,1479,24650.0
1479,24667,1480,24666.666666666668
1480,24683,1481,24683.333333333332
1481,24700,1482,24700.0
1482,24717,1483,24716.666666666664
1483,24733,1484,24733.333333333336
1484,24750,1485,24750.0
1485,24767,1486,24766.666666666664
1486,24783,1487,24783.333333333336
1487,24800,1488,24800.0
1488,24817,1489,24816.666666666668
1489,24833,1490,24833.333333333332
1490,24850,1491,24850.0
1491,24867,1492,24866.666666666668
1492,24883,1493,24883.333333333332
1493,24900,1494,24900.0
1494,24917,1495,24916.666666666668
1495,24933,1496,24933.333333333332
1496,24950,1497,24950.0
1497,24967,1498,24966.666666666664
1498,24983,1499,24983.333333333336
1499,25000,1500,25000.0
1500,25017,1501,25016.666666666664
1501,25033,1502,25033.333333333336
1502,25050,1503,25050.0
1503,25067,1504,25066.666666666668
1504,25083,1505,25083.333333333332
1505,25100,1506,25100.0
1506,25117,1507,25116.666666666668
1507,25133,1508,25133.333333333332
1508,25150,1509,25150.0
1509,25167,1510,25166.666666666668
1510,25183,1511,25183.333333333332
1511,25200,1512,25200.0
1512,25217,1513,25216.666666666664
1513,25233,1514,25233.333333333336
1514,25250,1515,25250.0
1515,25267,1516,25266.666666666664
1516,25283,1517,25283.333333333336
1517,25300,1518,25300.0
1518,25317,1519,25316.666666666668
1519,25333,1520,25333.333333333332
1520,25350,1521,25350.0
1521,25367,1522,25366.666666666668
1522,25383,1523,25383.333333333332
1523,25400,1524,25400.0
1524,25417,1525,25416.666666666668
1525,25433,1526,25433.333333333332
1526,25450,1527,25450.0
1527,25467,1528,25466.666666666664
1528,25483,1529,25483.333333333336
1529,25500,1530,25500.0
1530,25517,1531,25516.666666666664
1531,25533,1532,25533.333333333336
1532,25550,1533,25550.0
1533,25567,1534,25566.666666666668
1534,25583,1535,25583.333333333332
1535,25600,1536,25600.0
1536,25617,1537,25616.666666666668
1537,25633,1538,25633.333333333332
1538,25650,1539,25650.0
1539,25667,1540,25666.666666666668
1540,25683,1541,25683.333333333332
1541,25700,1542,25700.0
1542,25717,1543,25716.666666666664
1543,25733,1544,25733.333333333336
1544,25750,1545,25750.0
1545,25767,1546,25766.666666666664
1546,25783,1547,25783.333333333336
1547,25800,1548,25800.0
1548,25817,1549,25816.666666666668
1549,25833,1550,25833.333333333332
1550,25850,1551,25850.0
1551,25867,1552,25866.666666666668
1552,25883,1553,25883.333333333332
1553,25900,1554,25900.0
1554,25917,1555,25916.666666666668
1555,25933,1556,25933.333333333332
1556,25950,1557,25950.0
1557,25967,1558,25966.666666666664
1558,25983,1559,25983.333333333336
1559,26000,1560,26000.0
1560,26017,1561,26016.666666666664
1561,26033,1562,26033.333333333336
1562,26050,1563,26050.0
1563,26067,1564,26066.666666666668
1564,26083,1565,26083.333333333332
1565,26100,1566,26100.0
1566,26117,1567,26116.666666666668
1567,26133,1568,26133.333333333332
1568,26150,1569,26150.0
1569,26167,1570,26166.666666666668
1570,26183,1571,26183.333333333332
1571,26200,1572,26200.0
1572,26217,1573,26216.666666666664
1573,26233,1574,26233.333333333336
1574,26250,1575,26250.0
1575,26267,1576,26266.666666666664
1576,26283,1577,26283.333333333336
1577,26300,1578,26300.0
1578,26317,1579,26316.666666666668
1579,26333,1580,26333.333333333332
1580,26350,1581,26350.0
1581,26367,1582,26366.666666666668
1582,26383,1583,26383.333333333332
1583,26400,1584,26400.0
1584,26417,1585,26416.666666666668
1585,26433,1586,26433.333333333332
1586,26450,1587,26450.0
1587,26467,1588,26466.666666666664
1588,26483,1589,26483.333333333336
1589,26500,1590,26500.0
1590,26517,1591,26516.666666666664
1591,26533,1592,26533.333333333336
1592,26550,1593,26550.0
1593,26567,1594,26566.666666666668
1594,26583,1595,26583.333333333332
1595,26600,1596,26600.0
1596,26617,1597,26616.666666666668
1597,26633,1598,26633.333333333332
1598,26650,1599,26650.0
1599,26667,1600,26666.666666666668
1600,26683,1601,26683.333333333332
1601,26700,1602,26700.0
1602,26717,1603,26716.666666666664
1603,26733,1604,26733.333333333336
1604,26750,1605,26750.0
1605,26767,1606,26766.666666666664
1606,26783,1607,26783.333333333336
1607,26800,1608,26800.0
1608,26817,1609,26816.666666666668
1609,26833,1610,26833.333333333332
1610,26850,1611,26850.0
1611,26867,1612,26866.666666666668
1612,26883,1613,26883.333333333332
1613,26900,1614,26900.0
1614,26917,1615,26916.666666666668
1615,26933,1616,26933.333333333332
1616,26950,1617,26950.0
1617,26967,1618,26966.666666666664
1618,26983,1619,26983.333333333336
1619,27000,1620,27000.0
1620,27017,1621,27016.666666666664
1621,27033,1622,27033.333333333336
1622,27050,1623,27050.0
1623,27067,1624,27066.666666666668
1624,27083,1625,27083.333333333332
1625,27100,1626,27100.0
1626,27117,1627,27116.666666666668
1627,27133,1628,27133.333333333332
1628,27150,1629,27150.0
1629,27167,1630,27166.666666666668
1630,27183,1631,27183.333333333332
1631,27200,1632,27200.0
1632,27217,1633,27216.666666666664
1633,27233,1634,27233.333333333336
1634,27250,1635,27250.0
1635,27267,1636,27266.666666666664
1636,27283,1637,27283.333333333336
1637,27300,1638,27300.0
1638,27317,1639,27316.666666666668
1639,27333,1640,27333.333333333332
1640,27350,1641,27350.0
1641,27367,1642,27366.666666666668
1642,27383,1643,27383.333333333332
1643,27400,1644,27400.0
1644,27417,1645,27416.666666666668
1645,27433,1646,27433.333333333332
1646,27450,1647,27450.0
1647,27467,1648,27466.666666666664
1648,27483,1649,27483.333333333336
1649,27500,1650,27500.0
1650,27517,1651,27516.666666666664
1651,27533,1652,27533.333333333336
1652,27550,1653,27550.0
1653,27567,1654,27566.666666666668
1654,27583,1655,27583.333333333332
1655,27600,1656,27600.0
1656,27617,1657,27616.666666666668
1657,27633,1658,27633.333333333332
1658,27650,1659,27650.0
1659,27667,1660,27666.666666666668
1660,27683,1661,27683.333333333332
1661,27700,1662,27700.0
1662,27717,1663,27716.666666666664
1663,27733,1664,27733.333333333336
1664,27750,1665,27750.0
1665,27767,1666,27766.666666666664
1666,27783,1667,27783.333333333336
1667,27800,1668,27800.0
1668,27817,1669,27816.666666666668
1669,27833,1670,27833.333333333332
1670,27850,1671,27850.0
1671,27867,1672,27866.666666666668
1672,27883,1673,27883.333333333332
1673,27900,1674,27900.0
1674,27917,1675,27916.666666666668
1675,27933,1676,27933.333333333332
1676,27950,1677,27950.0
1677,27967,1678,27966.666666666664
1678,27983,1679,27983.333333333336
1679,28000,1680,28000.0
1680,28017,1681,28016.666666666664
1681,28033,1682,28033.333333333336
1682,28050,1683,28050.0
1683,28067,1684,28066.666666666668
1684,28083,1685,28083.333333333332
1685,28100,1686,28100.0
1686,28117,1687,28116.666666666668
1687,28133,1688,28133.333333333332
1688,28150,1689,28150.0
1689,28167,1690,28166.666666666668
1690,28183,1691,28183.333333333332
1691,28200,1692,28200.0
1692,28217,1693,28216.666666666664
1693,28233,1694,28233.333333333336
1694,28250,1695,28250.0
1695,28267,1696,28266.666666666664
1696,28283,1697,28283.333333333336
1697,28300,1698,28300.0
1698,28317,1699,28316.666666666668
1699,28333,1700,28333.333333333332
1700,28350,1701,28350.0
1701,28367,1702,28366.666666666668
1702,28383,1703,28383.333333333332
1703,28400,1704,28400.0
1704,28417,1705,28416.666666666668
1705,28433,1706,28433.333333333332
1706,28450,1707,28450.0
1707,28467,1708,28466.666666666664
1708,28483,1709,28483.333333333336
1709,28500,1710,28500.0
1710,28517,1711,28516.666666666664
1711,28533,1712,28533.333333333336
1712,28550,1713,28550.0
1713,28567,1714,28566.666666666668
1714,28583,1715,28583.333333333332
1715,28600,1716,28600.0
1716,28617,1717,28616.666666666668
1717,28633,1718,28633.333333333332
1718,28650,1719,28650.0
1719,28667,1720,28666.666666666668
1720,28683,1721,28683.333333333332
1721,28700,1722,28700.0
1722,28717,1723,28716.666666666664
1723,28733,1724,28733.333333333336
1724,28750,1725,28750.0
1725,28767,1726,28766.666666666664
1726,28783,1727,28783.333333333336
1727,28800,1728,28800.0
1728,28817,1729,28816.666666666668
1729,28833,1730,28833.333333333332
1730,28850,1731,28850.0
1731,28867,1732,28866.666666666668
1732,28883,1733,28883.333333333332
1733,28900,1734,28900.0
1734,28917,1735,28916.666666666668
1735,28933,1736,28933.333333333332
1736,28950,1737,28950.0
1737,28967,1738,28966.666666666664
1738,28983,1739,28983.333333333336
1739,29000,1740,29000.0
1740,29017,1741,29016.666666666664
1741,29033,1742,29033.333333333336
1742,29050,1743,29050.0
1743,29067,1744,29066.666666666668
1744,29083,1745,29083.333333333332
1745,29100,1746,29100.0
1746,29117,1747,29116.666666666668
1747,29133,1748,29133.333333333332
1748,29150,1749,29150.0
1749,29167,1750,29166.666666666668
1750,29183,1751,29183.333333333332
1751,29200,1752,29200.0
1752,29217,1753,29216.666666666664
1753,29233,1754,29233.333333333336
1754,29250,1755,29250.0
1755,29267,1756,29266.666666666664
1756,29283,1757,29283.333333333336
1757,29300,1758,29300.0
1758,29317,1759,29316.666666666668
1759,29333,1760,29333.333333333332
1760,29350,1761,29350.0
1761,29367,1762,29366.666666666668
1762,29383,1763,29383.333333333332
1763,29400,1764,29400.0
1764,29417,1765,29416.666666666668
1765,29433,1766,29433.333333333332
1766,29450,1767,29450.0
1767,29467,1768,29466.666666666664
1768,29483,1769,29483.333333333336
1769,29500,1770,29500.0
1770,29517,1771,29516.666666666664
1771,29533,1772,29533.333333333336
1772,29550,1773,29550.0
1773,29567,1774,29566.666666666668
1774,29583,1775,29583.333333333332
1775,29600,1776,29600.0
1776,29617,1777,29616.666666666668
1777,29633,1778,29633.333333333332
1778,29650,1779,29650.0
1779,29667,1780,29666.666666666668
1780,29683,1781,29683.333333333332
1781,29700,1782,29700.0
1782,29717,1783,29716.666666666664
1783,29733,1784,29733.333333333336
1784,29750,1785,29750.0
1785,29767,1786,29766.666666666664
1786,29783,1787,29783.333333333336
1787,29800,1788,29800.0
1788,29817,1789,29816.666666666668
1789,29833,1790,29833.333333333332
1790,29850,1791,29850.0
1791,29867,1792,29866.666666666668
1792,29883,1793,29883.333333333332
1793,29900,1794,29900.0
1794,29917,1795,29916.666666666668
1795,29933,1796,29933.333333333332
1796,29950,1797,29950.0
1797,29967,1798,29966.666666666664
1798,29983,1799,29983.333333333336
1799,30000,1800,30000.0
1800,30017,1801,30016.666666666664
1801,30033,1802,30033.333333333336
1802,30050,1803,30050.0
1803,30067,1804,30066.666666666668
1804,30083,1805,30083.333333333332
1805,30100,1806,30100.0
1806,30117,1807,30116.666666666668
1807,30133,1808,30133.333333333332
1808,30150,1809,30150.0
1809,30167,1810,30166.666666666668
1810,30183,1811,30183.333333333332
1811,30200,1812,30200.0
1812,30217,1813,30216.666666666664
1813,30233,1814,30233.333333333336
1814,30250,1815,30250.0
1815,30267,1816,30266.666666666664
1816,30283,1817,30283.333333333336
1817,30300,1818,30300.0
1818,30317,1819,30316.666666666668
1819,30333,1820,30333.333333333332
1820,30350,1821,30350.0
1821,30367,1822,30366.666666666668
1822,30383,1823,30383.333333333332
1823,30400,1824,30400.0
1824,30417,1825,30416.666666666668
1825,30433,1826,30433.333333333332
1826,30450,1827,30450.0
1827,30467,1828,30466.666666666664
1828,30483,1829,30483.333333333336
1829,30500,1830,30500.0
1830,30517,1831,30516.666666666664
1831,30533,1832,30533.333333333336
1832,30550,1833,30550.0
1833,30567,1834,30566.666666666668
1834,30583,1835,30583.333333333332
1835,30600,1836,30600.0
1836,30617,1837,30616.666666666668
1837,30633,1838,30633.333333333332
1838,30650,1839,30650.0
1839,30667,1840,30666.666666666668
1840,30683,1841,30683.333333333332
1841,30700,1842,30700.0
1842,30717,1843,30716.666666666664
1843,30733,1844,30733.333333333336
1844,30750,1845,30750.0
1845,30767,1846,30766.666666666664
1846,30783,1847,30783.333333333336
1847,30800,1848,30800.0
1848,30817,1849,30816.666666666668
1849,30833,1850,30833.333333333332
1850,30850,1851,30850.0
1851,30867,1852,30866.666666666668
1852,30883,1853,30883.333333333332
1853,30900,1854,30900.0
1854,30917,1855,30916.666666666668
1855,30933,1856,30933.333333333332
1856,30950,1857,30950.0
1857,30967,1858,30966.666666666664
1858,30983,1859,30983.333333333336
1859,31000,1860,31000.0
1860,31017,1861,31016.666666666664
1861,31033,1862,31033.333333333336
1862,31050,1863,31050.0
1863,31067,1864,31066.666666666668
1864,31083,1865,31083.333333333332
1865,31100,1866,31100.0
1866,31117,1867,31116.666666666668
1867,31133,1868,31133.333333333332
1868,31150,1869,31150.0
1869,31167,1870,31166.666666666668
1870,31183,1871,31183.333333333332
1871,31200,1872,31200.0
1872,31217,1873,31216.666666666664
1873,31233,1874,31233.333333333336
1874,31250,1875,31250.0
1875,31267,1876,31266.666666666664
1876,31283,1877,31283.333333333336
1877,31300,1878,31300.0
1878,31317,1879,31316.666666666668
1879,31333,1880,31333.333333333332
1880,31350,1881,31350.0
1881,31367,1882,31366.666666666668
1882,31383,1883,31383.333333333332
1883,31400,1884,31400.0
1884,31417,1885,31416.666666666668
1885,31433,1886,31433.333333333332
1886,31450,1887,31450.0
1887,31467,1888,31466.666666666664
1888,31483,1889,31483.333333333336
1889,31500,1890,31500.0
1890,31517,1891,31516.666666666664
1891,31533,1892,31533.333333333336
1892,31550,1893,31550.0
1893,31567,1894,31566.666666666668
1894,31583,1895,31583.333333333332
1895,31600,1896,31600.0
1896,31617,1897,31616.666666666668
1897,31633,1898,31633.333333333332
1898,31650,1899,31650.0
1899,31667,1900,31666.666666666668
1900,31683,1901,31683.333333333332
1901,31700,1902,31700.0
1902,31717,1903,31716.666666666664
1903,31733,1904,31733.333333333336
1904,31750,1905,31750.0
1905,31767,1906,31766.666666666664
1906,31783,1907,31783.333333333336
1907,31800,1908,31800.0
1908,31817,1909,31816.666666666668
1909,31833,1910,31833.333333333332
1910,31850,1911,31850.0
1911,31867,1912,31866.666666666668
1912,31883,1913,31883.333333333332
1913,31900,1914,31900.0
1914,31917,1915,31916.666666666668
1915,31933,1916,31933.333333333332
1916,31950,1917,31950.0
1917,31967,1918,31966.666666666664
1918,31983,1919,31983.333333333336
1919,32000,1920,32000.0
1920,32017,1921,32016.666666666664
1921,32033,1922,32033.333333333332
1922,32050,1923,32049.999999999996
1923,32067,1924,32066.66666666667
1924,32083,1925,32083.333333333336
1925,32100,1926,32100.0
1926,32117,1927,32116.666666666668
1927,32133,1928,32133.333333333332
1928,32150,1929,32150.0
1929,32167,1930,32166.666666666664
1930,32183,1931,32183.33333333333
1931,32200,1932,32200.000000000004
1932,32217,1933,32216.666666666668
1933,32233,1934,32233.333333333336
1934,32250,1935,32250.0
1935,32267,1936,32266.666666666664
1936,32283,1937,32283.333333333332
1937,32300,1938,32299.999999999996
1938,32317,1939,32316.66666666667
1939,32333,1940,32333.333333333336
1940,32350,1941,32350.0
1941,32367,1942,32366.666666666668
1942,32383,1943,32383.333333333332
1943,32400,1944,32400.0
1944,32417,1945,32416.666666666664
1945,32433,1946,32433.33333333333
1946,32450,1947,32450.000000000004
1947,32467,1948,32466.666666666668
1948,32483,1949,32483.333333333336
1949,32500,1950,32500.0
1950,32517,1951,32516.666666666664
1951,32533,1952,32533.333333333332
1952,32550,1953,32549.999999999996
1953,32567,1954,32566.66666666667
1954,32583,1955,32583.333333333336
1955,32600,1956,32600.0
1956,32617,1957,32616.666666666668
1957,32633,1958,32633.333333333332
1958,32650,1959,32650.0
1959,32667,1960,32666.666666666664
1960,32683,1961,32683.33333333333
1961,32700,1962,32700.000000000004
1962,32717,1963,32716.666666666668
1963,32733,1964,32733.333333333336
1964,32750,1965,32750.0
1965,32767,1966,32766.666666666664
1966,32783,1967,32783.33333333333
1967,32800,1968,32800.0
1968,32817,1969,32816.66666666667
1969,32833,1970,32833.333333333336
1970,32850,1971,32850.0
1971,32867,1972,32866.666666666664
1972,32883,1973,32883.333333333336
1973,32900,1974,32900.0
1974,32917,1975,32916.666666666664
1975,32933,1976,32933.33333333333
1976,32950,1977,32950.0
1977,32967,1978,32966.66666666667
1978,32983,1979,32983.333333333336
1979,33000,1980,33000.0
1980,33017,1981,33016.666666666664
1981,33033,1982,33033.33333333333
1982,33050,1983,33050.0
1983,33067,1984,33066.66666666667
1984,33083,1985,33083.333333333336
1985,33100,1986,33100.0
1986,33117,1987,33116.666666666664
1987,33133,1988,33133.333333333336
1988,33150,1989,33150.0
1989,33167,1990,33166.666666666664
1990,33183,1991,33183.33333333333
1991,33200,1992,33200.0
1992,33217,1993,33216.66666666667
1993,33233,1994,33233.333333333336
1994,33250,1995,33250.0
1995,33267,1996,33266.666666666664
1996,33283,1997,33283.33333333333
1997,33300,1998,33300.0
1998,33317,1999,33316.66666666667
1999,33333,2000,33333.333333333336
2000,33350,2001,33350.0
2001,33367,2002,33366.666666666664
2002,33383,2003,33383.333333333336
2003,33400,2004,33400.0
2004,33417,2005,33416.666666666664
2005,33433,2006,33433.33333333333
2006,33450,2007,33450.0
2007,33467,2008,33466.66666666667
2008,33483,2009,33483.333333333336
2009,33500,2010,33500.0
2010,33517,2011,33516.666666666664
2011,33533,2012,33533.33333333333
2012,33550,2013,33550.0
2013,33567,2014,33566.66666666667
2014,33583,2015,33583.333333333336
2015,33600,2016,33600.0
2016,33617,2017,33616.666666666664
2017,33633,2018,33633.333333333336
2018,33650,2019,33650.0
2019,33667,2020,33666.666666666664
2020,33683,2021,33683.33333333333
2021,33700,2022,33700.0
2022,33717,2023,33716.66666666667
2023,33733,2024,33733.333333333336
2024,33750,2025,33750.0
2025,33767,2026,33766.666666666664
2026,33783,2027,33783.33333333333
2027,33800,2028,33800.0
2028,33817,2029,33816.66666666667
2029,33833,2030,33833.333333333336
2030,33850,2031,33850.0
2031,33867,2032,33866.666666666664
2032,33883,2033,33883.333333333336
2033,33900,2034,33900.0
2034,33917,2035,33916.666666666664
2035,33933,2036,33933.33333333333
2036,33950,2037,33950.0
2037,33967,2038,33966.66666666667
2038,33983,2039,33983.333333333336
2039,34000,2040,34000.0
2040,34017,2041,34016.666666666664
2041,34033,2042,34033.33333333333
2042,34050,2043,34050.0
2043,34067,2044,34066.66666666667
2044,34083,2045,34083.333333333336
2045,34100,2046,34100.0
2046,34117,2047,34116.666666666664
2047,34133,2048,34133.333333333336
2048,34150,2049,34150.0
2049,34167,2050,34166.666666666664
2050,34183,2051,34183.33333333333
2051,34200,2052,34200.0
2052,34217,2053,34216.66666666667
2053,34233,2054,34233.333333333336
2054,34250,2055,34250.0
2055,34267,2056,34266.666666666664
2056,34283,2057,34283.33333333333
2057,34300,2058,34300.0
2058,34317,2059,34316.66666666667
2059,34333,2060,34333.333333333336
2060,34350,2061,34350.0
2061,34367,2062,34366.666666666664
2062,34383,2063,34383.333333333336
2063,34400,2064,34400.0
2064,34417,2065,34416.666666666664
2065,34433,2066,34433.33333333333
2066,34450,2067,34450.0
2067,34467,2068,34466.66666666667
2068,34483,2069,34483.333333333336
2069,34500,2070,34500.0
2070,34517,2071,34516.666666666664
2071,34533,2072,34533.33333333333
2072,34550,2073,34550.0
2073,34567,2074,34566.66666666667
2074,34583,2075,34583.333333333336
2075,34600,2076,34600.0
2076,34617,2077,34616.666666666664
2077,34633,2078,34633.333333333336
2078,34650,2079,34650.0
2079,34667,2080,34666.666666666664
2080,34683,2081,34683.33333333333
2081,34700,2082,34700.0
2082,34717,2083,34716.66666666667
2083,34733,2084,34733.333333333336
2084,34750,2085,34750.0
2085,34767,2086,34766.666666666664
2086,34783,2087,34783.33333333333
2087,34800,2088,34800.0
2088,34817,2089,34816.66666666667
2089,34833,2090,34833.333333333336
2090,34850,2091,34850.0
2091,34867,2092,34866.666666666664
2092,34883,2093,34883.333333333336
2093,34900,2094,34900.0
2094,34917,2095,34916.666666666664
2095,34933,2096,34933.33333333333
2096,34950,2097,34950.0
2097,34967,2098,34966.66666666667
2098,34983,2099,34983.333333333336
2099,35000,2100,35000.0
2100,35017,2101,35016.666666666664
2101,35033,2102,35033.33333333333
2102,35050,2103,35050.0
2103,35067,2104,35066.66666666667
2104,35083,2105,35083.333333333336
2105,35100,2106,35100.0
2106,35117,2107,35116.666666666664
2107,35133,2108,35133.333333333336
2108,35150,2109,35150.0
2109,35167,2110,35166.666666666664
2110,35183,2111,35183.33333333333
2111,35200,2112,35200.0
2112,35217,2113,35216.66666666667
2113,35233,2114,35233.333333333336
2114,35250,2115,35250.0
2115,35267,2116,35266.666666666664
2116,35283,2117,35283.33333333333
2117,35300,2118,35300.0
2118,35317,2119,35316.66666666667
2119,35333,2120,35333.333333333336
2120,35350,2121,35350.0
2121,35367,2122,35366.666666666664
2122,35383,2123,35383.333333333336
2123,35400,2124,35400.0
2124,35417,2125,35416.666666666664
2125,35433,2126,35433.33333333333
2126,35450,2127,35450.0
2127,35467,2128,35466.66666666667
2128,35483,2129,35483.333333333336
2129,35500,2130,35500.0
2130,35517,2131,35516.666666666664
2131,35533,2132,35533.33333333333
2132,35550,2133,35550.0
2133,35567,2134,35566.66666666667
2134,35583,2135,35583.333333333336
2135,35600,2136,35600.0
2136,35617,2137,35616.666666666664
2137,35633,2138,35633.333333333336
2138,35650,2139,35650.0
2139,35667,2140,35666.666666666664
2140,35683,2141,35683.33333333333
2141,35700,2142,35700.0
2142,35717,2143,35716.66666666667
2143,35733,2144,35733.333333333336
2144,35750,2145,35750.0
2145,35767,2146,35766.666666666664
2146,35783,2147,35783.33333333333
2147,35800,2148,35800.0
2148,35817,2149,35816.66666666667
2149,35833,2150,35833.333333333336
2150,35850,2151,35850.0
2151,35867,2152,35866.666666666664
2152,35883,2153,35883.333333333336
2153,35900,2154,35900.0
2154,35917,2155,35916.666666666664
2155,35933,2156,35933.33333333333
2156,35950,2157,35950.0
2157,35967,2158,35966.66666666667
2158,35983,2159,35983.333333333336
2159,36000,2160,36000.0
2160,36017,2161,36016.666666666664
2161,36033,2162,36033.33333333333
2162,36050,2163,36050.0
2163,36067,2164,36066.66666666667
2164,36083,2165,36083.333333333336
2165,36100,2166,36100.0
2166,36117,2167,36116.666666666664
2167,36133,2168,36133.333333333336
2168,36150,2169,36150.0
2169,36167,2170,36166.666666666664
2170,36183,2171,36183.33333333333
2171,36200,2172,36200.0
2172,36217,2173,36216.66666666667
2173,36233,2174,36233.333333333336
2174,36250,2175,36250.0
2175,36267,2176,36266.666666666664
2176,36283,2177,36283.33333333333
2177,36300,2178,36300.0
2178,36317,2179,36316.66666666667
2179,36333,2180,36333.333333333336
2180,36350,2181,36350.0
2181,36367,2182,36366.666666666664
2182,36383,2183,36383.333333333336
2183,36400,2184,36400.0
2184,36417,2185,36416.666666666664
2185,36433,2186,36433.33333333333
2186,36450,2187,36450.0
2187,36467,2188,36466.66666666667
2188,36483,2189,36483.333333333336
2189,36500,2190,36500.0
2190,36517,2191,36516.666666666664
2191,36533,2192,36533.33333333333
2192,36550,2193,36550.0
2193,36567,2194,36566.66666666667
2194,36583,2195,36583.333333333336
2195,36600,2196,36600.0
2196,36617,2197,36616.666666666664
2197,36633,2198,36633.333333333336
2198,36650,2199,36650.0
2199,36667,2200,36666.666666666664
2200,36683,2201,36683.33333333333
2201,36700,2202,36700.0
2202,36717,2203,36716.66666666667
2203,36733,2204,36733.333333333336
2204,36750,2205,36750.0
2205,36767,2206,36766.666666666664
2206,36783,2207,36783.33333333333
2207,36800,2208,36800.0
2208,36817,2209,36816.66666666667
2209,36833,2210,36833.333333333336
2210,36850,2211,36850.0
2211,36867,2212,36866.666666666664
2212,36883,2213,36883.333333333336
2213,36900,2214,36900.0
2214,36917,2215,36916.666666666664
2215,36933,2216,36933.33333333333
2216,36950,2217,36950.0
2217,36967,2218,36966.66666666667
2218,36983,2219,36983.333333333336
2219,37000,2220,37000.0
2220,37017,2221,37016.666666666664
2221,37033,2222,37033.33333333333
2222,37050,2223,37050.0
2223,37067,2224,37066.66666666667
2224,37083,2225,37083.333333333336
2225,37100,2226,37100.0
2226,37117,2227,37116.666666666664
2227,37133,2228,37133.333333333336
2228,37150,2229,37150.0
2229,37167,2230,37166.666666666664
2230,37183,2231,37183.33333333333
2231,37200,2232,37200.0
2232,37217,2233,37216.66666666667
2233,37233,2234,37233.333333333336
2234,37250,2235,37250.0
2235,37267,2236,37266.666666666664
2236,37283,2237,37283.33333333333
2237,37300,2238,37300.0
2238,37317,2239,37316.66666666667
2239,37333,2240,37333.333333333336
2240,37350,2241,37350.0
2241,37367,2242,37366.666666666664
2242,37383,2243,37383.333333333336
2243,37400,2244,37400.0
2244,37417,2245,37416.666666666664
2245,37433,2246,37433.33333333333
2246,37450,2247,37450.0
2247,37467,2248,37466.66666666667
2248,37483,2249,37483.333333333336
2249,37500,2250,37500.0
2250,37517,2251,37516.666666666664
2251,37533,2252,37533.33333333333
2252,37550,2253,37550.0
2253,37567,2254,37566.66666666667
2254,37583,2255,37583.333333333336
2255,37600,2256,37600.0
2256,37617,2257,37616.666666666664
2257,37633,2258,37633.333333333336
2258,37650,2259,37650.0
2259,37667,2260,37666.666666666664
2260,37683,2261,37683.33333333333
2261,37700,2262,37700.0
2262,37717,2263,37716.66666666667
2263,37733,2264,37733.333333333336
2264,37750,2265,37750.0
2265,37767,2266,37766.666666666664
2266,37783,2267,37783.33333333333
2267,37800,2268,37800.0
2268,37817,2269,37816.66666666667
2269,37833,2270,37833.333333333336
2270,37850,2271,37850.0
2271,37867,2272,37866.666666666664
2272,37883,2273,37883.333333333336
2273,37900,2274,37900.0
2274,37917,2275,37916.666666666664
2275,37933,2276,37933.33333333333
2276,37950,2277,37950.0
2277,37967,2278,37966.66666666667
2278,37983,2279,37983.333333333336
